{
  "name": "The Last Dwarf",
  "version": "0.0.2",
  "storage": "aws",
  "description": "Rekindle dwarven legacy.",
  "website": "https://discord.gg/Vxx3Um6XfA",
  "kind": "app",
  "tag": "game",
  "icon": {
    "md": "./assets/icon.jpg"
  },
  "contact": "https://discord.gg/Vxx3Um6XfA",
  "screenshots": [
    "./assets/screenshot_1.png",
    "./assets/screenshot_2.png",
    "./assets/screenshot_3.png",
    "./assets/screenshot_4.png",
    "./assets/screenshot_5.png"
  ],
  "entrypoints": {
    "default": {
      "web": "https://kimo-do.github.io/SolanaGameJam/"
    }
  }
}